Resource,Zone,THERM,MUST_RUN,STOR,FLEX,HYDRO,VRE,LDS,Num_VRE_Bins,New_Build,Existing_Cap_MW,Existing_Cap_MWh,Existing_Charge_Cap_MW,Max_Cap_MW,Max_Cap_MWh,Max_Charge_Cap_MW,Min_Cap_MW,Min_Cap_MWh,Min_Charge_Cap_MW,Inv_Cost_per_MWyr,Inv_Cost_per_MWhyr,Inv_Cost_Charge_per_MWyr,Fixed_OM_Cost_per_MWyr,Fixed_OM_Cost_per_MWhyr,Fixed_OM_Cost_Charge_per_MWyr,Var_OM_Cost_per_MWh,Var_OM_Cost_per_MWh_In,VRE_Trans_Cost_per_MWyr,Heat_Rate_MMBTU_per_MWh,Fuel,NG_MMBtu_per_MWh,Cap_Size,Start_Cost_per_MW,Start_Fuel_MMBTU_per_MW,Start_NG_MMBTU_per_MW,Up_Time,Down_Time,Ramp_Up_Percentage,Ramp_Dn_Percentage,Hydro_Energy_to_Power_Ratio,Min_Power,Self_Disch,Eff_Up,Eff_Down,Min_Duration,Max_Duration,Max_Flexible_Demand_Advance,Max_Flexible_Demand_Delay,Flexible_Demand_Energy_Eff,Reg_Max,Rsv_Max,Reg_Cost,Rsv_Cost,MinCapTag,MinCapTag_1,MinCapTag_2,MinCapTag_3,MGA,Resource_Type,CapRes_1,CapRes_2,CapRes_3,ESR_1,ESR_2,region,cluster,LDS.1,CCS_Rate
MIDAT_conventional_hydroelectric_1,2,0,0,0,0,1,0,0,0,-1,2806.182,0,0,0,-1,-1,0,0,0,0,0,0,45648,0,0,0,0,0,0,None,0,29.853,0,0,0,0,0,0.083,0.083,0,0.109311313,0,1,1,0,0,0,0,0,0,0,0,0,0,0,0,0,0,conventional_hydroelectric,0,0.8,0,0,1,MIDAT,1,0,0
MIDAT_hydroelectric_pumped_storage_1,2,0,0,1,0,0,0,0,0,-1,5244,0,0,0,-1,-1,0,0,0,0,0,0,39399,0,0,0,0,0,0,None,0,228,0,0,0,0,0,1,1,1,0.433,0,0.866,0.866,0,200,0,0,0,0,0,0,0,0,0,0,0,0,hydroelectric_pumped_storage,0,0.95,0,0,0,MIDAT,1,0,0
MIDAT_natural_gas_fired_combined_cycle_1,2,1,0,0,0,0,0,0,0,0,4026.4,0,0,0,-1,-1,0,0,0,0,0,0,16001,0,0,4.415,0,0,0,None,7.676,125.825,89.34,0,2,6,6,0.64,0.64,1,0.444,0,1,1,0,0,0,0,0,0,0,0,0,0,0,0,0,0,natural_gas_fired_combined_cycle,0,0.93,0,0,0,MIDAT,1,0,0
MIDAT_natural_gas_fired_combined_cycle_2,2,1,0,0,0,0,0,0,0,0,31802.922,0,0,0,-1,-1,0,0,0,0,0,0,11965,0,0,3.452,0,0,0,None,6.833,588.943,89.34,0,2,6,6,0.64,0.64,1,0.38,0,1,1,0,0,0,0,0,0,0,0,0,0,0,0,0,0,natural_gas_fired_combined_cycle,0,0.93,0,0,0,MIDAT,2,0,0
MIDAT_natural_gas_fired_combined_cycle_3,2,1,0,0,0,0,0,0,0,0,1697.696,0,0,0,-1,-1,0,0,0,0,0,0,11069.135,0,0,3.505,0,0,0,None,12.279,212.212,89.34,0,2,6,6,0.64,0.64,1,0.217,0,1,1,0,0,0,0,0,0,0,0,0,0,0,0,0,0,natural_gas_fired_combined_cycle,0,0.93,0,0,0,MIDAT,3,0,0
MIDAT_natural_gas_fired_combined_cycle_4,2,1,0,0,0,0,0,0,0,0,20288.499,0,0,0,-1,-1,0,0,0,0,0,0,9496,0,0,3.504,0,0,0,None,7.17,614.803,89.34,0,2,6,6,0.64,0.64,1,0.39,0,1,1,0,0,0,0,0,0,0,0,0,0,0,0,0,0,natural_gas_fired_combined_cycle,0,0.93,0,0,0,MIDAT,4,0,0
MIDAT_natural_gas_fired_combustion_turbine_1,2,1,0,0,0,0,0,0,0,0,14508.75,0,0,0,-1,-1,0,0,0,0,0,0,9573.46,0,0,5.071,0,0,0,None,11.751,116.07,115.842,0,3.5,1,1,0.64,0.64,1,0.505,0,1,1,0,0,0,0,0,0,0,0,0,0,0,0,0,0,natural_gas_fired_combustion_turbine,0,0.93,0,0,0,MIDAT,1,0,0
MIDAT_natural_gas_fired_combustion_turbine_2,2,1,0,0,0,0,0,0,0,0,704.718,0,0,0,-1,-1,0,0,0,0,0,0,13548,0,0,5.071,0,0,0,None,10.251,14.994,115.842,0,3.5,1,1,0.64,0.64,1,0.403,0,1,1,0,0,0,0,0,0,0,0,0,0,0,0,0,0,natural_gas_fired_combustion_turbine,0,0.93,0,0,0,MIDAT,2,0,0
MIDAT_nuclear_1,2,1,0,0,0,0,0,0,0,0,2440,0,0,0,-1,-1,0,0,0,0,0,0,266980,0,0,2.352,0,0,10.455,MIDAT_reference_uranium,0,1220,1000,0,0,36,36,0.25,0.25,1,0.5,0,1,1,0,0,0,0,0,0,0,0,0,0,0,0,0,0,nuclear,0,0.93,0,0,1,MIDAT,1,0,0
MIDAT_nuclear_2,2,1,0,0,0,0,0,0,0,0,17770.208,0,0,0,-1,-1,0,0,0,0,0,0,187522,0,0,2.352,0,0,10.455,MIDAT_reference_uranium,0,1110.638,1000,0,0,36,36,0.25,0.25,1,0.5,0,1,1,0,0,0,0,0,0,0,0,0,0,0,0,0,0,nuclear,0,0.93,0,0,1,MIDAT,2,0,0
MIDAT_onshore_wind_turbine_1,2,0,0,0,0,0,1,0,1,0,3231.6,0,0,0,-1,-1,0,0,0,0,0,0,43000,0,0,0,0,0,0,None,0,161.2,0,0,0,0,0,1,1,1,0,0,1,1,0,0,0,0,0,0,0,0,0,0,0,0,0,0,onshore_wind_turbine,0,0,0,1,1,MIDAT,1,0,0
MIDAT_small_hydroelectric_1,2,0,1,0,0,0,0,0,0,-1,263.268,0,0,0,-1,-1,0,0,0,0,0,0,45648,0,0,0,0,0,0,None,0,1.236,0,0,0,0,0,1,1,1,0.109311313,0,1,1,0,0,0,0,0,0,0,0,0,0,0,0,0,0,small_hydroelectric,0,0,0,1,1,MIDAT,1,0,0
MIDAT_solar_photovoltaic_1,2,0,0,0,0,0,1,0,1,0,2974.6,0,0,0,-1,-1,0,0,0,0,0,0,22887,0,0,0,0,0,0,None,0,10.578,0,0,0,0,0,1,1,1,0,0,1,1,0,0,0,0,0,0,0,0,0,0,0,0,0,0,solar_photovoltaic,0,0.8,0,1,1,MIDAT,1,0,0
NE_conventional_hydroelectric_1,3,0,0,0,0,1,0,0,0,-1,4729.48,0,0,0,-1,-1,0,0,0,0,0,0,45648,0,0,0,0,0,0,None,0,24.13,0,0,0,0,0,0.083,0.083,0,0.095,0,1,1,0,0,0,0,0,0,0,0,0,0,0,0,0,0,conventional_hydroelectric,0,0,0.8,0,1,NE,1,0,0
NE_hydroelectric_pumped_storage_1,3,0,0,1,0,0,0,0,0,-1,3206.9,0,0,0,-1,-1,0,0,0,0,0,0,39399,0,0,0,0,0,0,None,0,128.276,0,0,0,0,0,1,1,1,0.307,0,0.866,0.866,0,200,0,0,0,0,0,0,0,0,0,0,0,0,hydroelectric_pumped_storage,0,0,0.95,0,0,NE,1,0,0
NE_natural_gas_fired_combined_cycle_1,3,1,0,0,0,0,0,0,0,0,6119.616,0,0,0,-1,-1,0,0,0,0,0,0,16001,0,0,4.415,0,0,0,None,8.571,127.492,89.34,0,2,6,6,0.64,0.64,1,0.526,0,1,1,0,0,0,0,0,0,0,0,0,0,0,0,0,0,natural_gas_fired_combined_cycle,0,0,0.93,0,0,NE,1,0,0
NE_natural_gas_fired_combined_cycle_2,3,1,0,0,0,0,0,0,0,0,21225.12,0,0,0,-1,-1,0,0,0,0,0,0,10223.482,0,0,3.488,0,0,0,None,7.663,442.19,89.34,0,2,6,6,0.64,0.64,1,0.409,0,1,1,0,0,0,0,0,0,0,0,0,0,0,0,0,0,natural_gas_fired_combined_cycle,0,0,0.93,0,0,NE,2,0,0
NE_natural_gas_fired_combined_cycle_3,3,1,0,0,0,0,0,0,0,0,19.5,0,0,0,-1,-1,0,0,0,0,0,0,16001,0,0,4.415,0,0,0,None,19.881,19.5,89.34,0,2,6,6,0.64,0.64,1,0.472,0,1,1,0,0,0,0,0,0,0,0,0,0,0,0,0,0,natural_gas_fired_combined_cycle,0,0,0.93,0,0,NE,3,0,0
NE_natural_gas_fired_combustion_turbine_1,3,1,0,0,0,0,0,0,0,0,1413.201,0,0,0,-1,-1,0,0,0,0,0,0,13548,0,0,5.071,0,0,0,None,11.332,24.793,115.842,0,3.5,1,1,0.64,0.64,1,0.39,0,1,1,0,0,0,0,0,0,0,0,0,0,0,0,0,0,natural_gas_fired_combustion_turbine,0,0,0.93,0,0,NE,1,0,0
NE_natural_gas_fired_combustion_turbine_2,3,1,0,0,0,0,0,0,0,0,2341.199,0,0,0,-1,-1,0,0,0,0,0,0,9896.045,0,0,5.071,0,0,0,None,10.089,80.731,115.842,0,3.5,1,1,0.64,0.64,1,0.367,0,1,1,0,0,0,0,0,0,0,0,0,0,0,0,0,0,natural_gas_fired_combustion_turbine,0,0,0.93,0,0,NE,2,0,0
NE_nuclear_1,3,1,0,0,0,0,0,0,0,0,3395.7,0,0,0,-1,-1,0,0,0,0,0,0,187522,0,0,2.352,0,0,10.455,NE_reference_uranium,0,1131.9,1000,0,0,36,36,0.25,0.25,1,0.5,0,1,1,0,0,0,0,0,0,0,0,0,0,0,0,0,0,nuclear,0,0,0.93,0,1,NE,1,0,0
NE_nuclear_2,3,1,0,0,0,0,0,0,0,0,2104.7,0,0,0,-1,-1,0,0,0,0,0,0,294078.21,0,0,2.352,0,0,10.455,NE_reference_uranium,0,1052.35,1000,0,0,36,36,0.25,0.25,1,0.5,0,1,1,0,0,0,0,0,0,0,0,0,0,0,0,0,0,nuclear,0,0,0.93,0,1,NE,2,0,0
NE_onshore_wind_turbine_1,3,0,0,0,0,0,1,0,1,0,3654.5,0,0,0,-1,-1,0,0,0,0,0,0,43000,0,0,0,0,0,0,None,0,86.17,0,0,0,0,0,1,1,1,0,0,1,1,0,0,0,0,0,0,0,0,0,0,0,0,0,0,onshore_wind_turbine,0,0,0,1,1,NE,1,0,0
NE_small_hydroelectric_1,3,0,1,0,0,0,0,0,0,-1,834.494,0,0,0,-1,-1,0,0,0,0,0,0,45648,0,0,0,0,0,0,None,0,1.051,0,0,0,0,0,1,1,1,0.258,0,1,1,0,0,0,0,0,0,0,0,0,0,0,0,0,0,small_hydroelectric,0,0,0,1,1,NE,1,0,0
NE_solar_photovoltaic_1,3,0,0,0,0,0,1,0,1,0,1629.6,0,0,0,-1,-1,0,0,0,0,0,0,22887,0,0,0,0,0,0,None,0,3.63,0,0,0,0,0,1,1,1,0,0,1,1,0,0,0,0,0,0,0,0,0,0,0,0,0,0,solar_photovoltaic,0,0,0.8,1,1,NE,1,0,0
SE_conventional_hydroelectric_1,1,0,0,0,0,1,0,0,0,-1,11123.215,0,0,0,-1,-1,0,0,0,0,0,0,45648,0,0,0,0,0,0,None,0,31.333,0,0,0,0,0,0.083,0.083,0,0.135129141,0,1,1,0,0,0,0,0,0,0,0,0,0,0,0,0,0,conventional_hydroelectric,0.8,0,0,0,1,SE,1,0,0
SE_hydroelectric_pumped_storage_1,1,0,0,1,0,0,0,0,0,-1,6261.984,0,0,0,-1,-1,0,0,0,0,0,0,39399,0,0,0,0,0,0,None,0,184.176,0,0,0,0,0,1,1,1,0.653,0,0.866,0.866,0,200,0,0,0,0,0,0,0,0,0,0,0,0,hydroelectric_pumped_storage,0.95,0,0,0,0,SE,1,0,0
SE_natural_gas_fired_combined_cycle_1,1,1,0,0,0,0,0,0,0,0,26218.712,0,0,0,-1,-1,0,0,0,0,0,0,9496,0,0,3.504,0,0,0,None,7.275,504.206,89.34,0,2,6,6,0.64,0.64,1,0.41,0,1,1,0,0,0,0,0,0,0,0,0,0,0,0,0,0,natural_gas_fired_combined_cycle,0.93,0,0,0,0,SE,1,0,0
SE_natural_gas_fired_combined_cycle_2,1,1,0,0,0,0,0,0,0,0,4637.5,0,0,0,-1,-1,0,0,0,0,0,0,16001,0,0,4.415,0,0,0,None,7.735,185.5,89.34,0,2,6,6,0.64,0.64,1,0.586,0,1,1,0,0,0,0,0,0,0,0,0,0,0,0,0,0,natural_gas_fired_combined_cycle,0.93,0,0,0,0,SE,2,0,0
SE_natural_gas_fired_combined_cycle_3,1,1,0,0,0,0,0,0,0,0,42679.32,0,0,0,-1,-1,0,0,0,0,0,0,11977.294,0,0,3.455,0,0,0,None,6.969,711.322,89.34,0,2,6,6,0.64,0.64,1,0.596,0,1,1,0,0,0,0,0,0,0,0,0,0,0,0,0,0,natural_gas_fired_combined_cycle,0.93,0,0,0,0,SE,3,0,0
SE_natural_gas_fired_combined_cycle_4,1,1,0,0,0,0,0,0,0,0,6088.5,0,0,0,-1,-1,0,0,0,0,0,0,11733.808,0,0,3.493,0,0,0,None,10.235,507.375,89.34,0,2,6,6,0.64,0.64,1,0.561,0,1,1,0,0,0,0,0,0,0,0,0,0,0,0,0,0,natural_gas_fired_combined_cycle,0.93,0,0,0,0,SE,4,0,0
SE_natural_gas_fired_combustion_turbine_1,1,1,0,0,0,0,0,0,0,0,24934.14,0,0,0,-1,-1,0,0,0,0,0,0,9518.439,0,0,5.071,0,0,0,None,11.133,138.523,115.842,0,3.5,1,1,0.64,0.64,1,0.472,0,1,1,0,0,0,0,0,0,0,0,0,0,0,0,0,0,natural_gas_fired_combustion_turbine,0.93,0,0,0,0,SE,1,0,0
SE_natural_gas_fired_combustion_turbine_2,1,1,0,0,0,0,0,0,0,0,683.209,0,0,0,-1,-1,0,0,0,0,0,0,13548,0,0,5.071,0,0,0,None,10.306,22.039,115.842,0,3.5,1,1,0.64,0.64,1,0.326,0,1,1,0,0,0,0,0,0,0,0,0,0,0,0,0,0,natural_gas_fired_combustion_turbine,0.93,0,0,0,0,SE,2,0,0
SE_nuclear_1,1,1,0,0,0,0,0,0,0,0,33632.288,0,0,0,-1,-1,0,0,0,0,0,0,199087.824,0,0,2.34,0,0,10.456,SE_reference_uranium,0,1051.009,1000,0,0,36,36,0.25,0.25,1,0.5,0,1,1,0,0,0,0,0,0,0,0,0,0,0,0,0,0,nuclear,0.93,0,0,0,1,SE,1,0,0
SE_nuclear_2,1,1,0,0,0,0,0,0,0,0,2228,0,0,0,-1,-1,0,0,0,0,0,0,187522,0,0,2.258,0,0,9.21,SE_reference_uranium,0,1114,1000,0,0,36,36,0.25,0.25,1,0.5,0,1,1,0,0,0,0,0,0,0,0,0,0,0,0,0,0,nuclear,0.93,0,0,0,1,SE,2,0,0
SE_small_hydroelectric_1,1,0,1,0,0,0,0,0,0,-1,249.895,0,0,0,-1,-1,0,0,0,0,0,0,45648,0,0,0,0,0,0,None,0,1.219,0,0,0,0,0,1,1,1,0.135129141,0,1,1,0,0,0,0,0,0,0,0,0,0,0,0,0,0,small_hydroelectric,0,0,0,1,1,SE,1,0,0
SE_solar_photovoltaic_1,1,0,0,0,0,0,1,0,1,0,8502.2,0,0,0,-1,-1,0,0,0,0,0,0,22887,0,0,0,0,0,0,None,0,17.142,0,0,0,0,0,1,1,1,0,0,1,1,0,0,0,0,0,0,0,0,0,0,0,0,0,0,solar_photovoltaic,0.8,0,0,1,1,SE,1,0,0
SE_naturalgas_ccccsavgcf_conservative_0,1,1,0,0,0,0,0,0,0,1,0,0,0,-1,-1,-1,0,0,0,105122.0711,0,0,47800,0,0,3.76,0,0,0,None,6.878,377,97,0,0.2,4,4,1,1,1,0.5,0,1,1,0,0,0,0,0,0,0,0,0,0,0,0,0,0,naturalgas_ccccsavgcf_conservative,0.93,0,0,0,0,SE,0,0,0.97
SE_naturalgas_ccavgcf_moderate_0,1,1,0,0,0,0,0,0,0,1,0,0,0,-1,-1,-1,0,0,0,57692.09836,0,0,27800,0,0,1.85,0,0,0,None,6.159,573,61,0,0.2,4,4,1,1,1,0.3,0,1,1,0,0,0,0,0,0,0,0,0,0,0,0,0,0,naturalgas_ccavgcf_moderate,0.93,0,0,0,0,SE,0,0,0
SE_naturalgas_ctavgcf_moderate_0,1,1,0,0,0,0,0,0,0,1,0,0,0,-1,-1,-1,0,0,0,51669.01214,0,0,22800,0,0,6.94,0,0,0,None,9.717,237,140,0,0.19,0,0,1,1,1,0.25,0,1,1,0,0,0,0,0,0,0,0,0,0,0,0,0,0,naturalgas_ctavgcf_moderate,0.93,0,0,0,0,SE,0,0,0
SE_battery_moderate_0,1,0,0,1,0,0,0,0,0,1,0,0,0,-1,-1,-1,0,0,0,26886.40679,17013.88552,0,7075.764437,4477.587766,0,1,1,0,0,None,0,1,0,0,0,0,0,1,1,1,0,0,0.92,0.92,1,10,0,0,0,0,0,0,0,0,0,0,0,0,battery_moderate,0.95,0,0,0,0,SE,0,0,0
SE_nuclear_mid_0,1,1,0,0,0,0,0,0,0,1,0,0,0,-1,-1,-1,0,0,0,231096.9481,0,0,175000,0,0,2.8,0,0,10.497,SE_reference_uranium,0,1000,1000,0,0,36,36,0.25,0.25,1,0.3,0,1,1,0,0,0,0,0,0,0,0,0,0,0,0,0,0,nuclear_mid,0.93,0,0,0,1,SE,0,0,0
MIDAT_naturalgas_ccccsavgcf_conservative_0,2,1,0,0,0,0,0,0,0,1,0,0,0,-1,-1,-1,0,0,0,111088.9792,0,0,47800,0,0,3.76,0,0,0,None,6.878,377,97,0,0.2,4,4,1,1,1,0.5,0,1,1,0,0,0,0,0,0,0,0,0,0,0,0,0,0,naturalgas_ccccsavgcf_conservative,0,0.93,0,0,0,MIDAT,0,0,0.97
MIDAT_naturalgas_ccavgcf_moderate_0,2,1,0,0,0,0,0,0,0,1,0,0,0,-1,-1,-1,0,0,0,67880.38343,0,0,27800,0,0,1.85,0,0,0,None,6.159,573,61,0,0.2,4,4,1,1,1,0.3,0,1,1,0,0,0,0,0,0,0,0,0,0,0,0,0,0,naturalgas_ccavgcf_moderate,0,0.93,0,0,0,MIDAT,0,0,0
MIDAT_naturalgas_ctavgcf_moderate_0,2,1,0,0,0,0,0,0,0,1,0,0,0,-1,-1,-1,0,0,0,57602.08239,0,0,22800,0,0,6.94,0,0,0,None,9.717,237,140,0,0.19,0,0,1,1,1,0.25,0,1,1,0,0,0,0,0,0,0,0,0,0,0,0,0,0,naturalgas_ctavgcf_moderate,0,0.93,0,0,0,MIDAT,0,0,0
MIDAT_battery_moderate_0,2,0,0,1,0,0,0,0,0,1,0,0,0,-1,-1,-1,0,0,0,26406.76299,16710.36394,0,7075.764437,4477.587766,0,1,1,0,0,None,0,1,0,0,0,0,0,1,1,1,0,0,0.92,0.92,1,10,0,0,0,0,0,0,0,0,0,0,0,0,battery_moderate,0,0.95,0,0,0,MIDAT,0,0,0
MIDAT_nuclear_mid_0,2,1,0,0,0,0,0,0,0,1,0,0,0,-1,-1,-1,0,0,0,238887.9439,0,0,175000,0,0,2.8,0,0,10.497,MIDAT_reference_uranium,0,1000,1000,0,0,36,36,0.25,0.25,1,0.3,0,1,1,0,0,0,0,0,0,0,0,0,0,0,0,0,0,nuclear_mid,0,0.93,0,0,1,MIDAT,0,0,0
NE_naturalgas_ccccsavgcf_conservative_0,3,1,0,0,0,0,0,0,0,1,0,0,0,-1,-1,-1,0,0,0,121097.9862,0,0,47800,0,0,3.76,0,0,0,None,6.878,377,97,0,0.2,4,4,1,1,1,0.5,0,1,1,0,0,0,0,0,0,0,0,0,0,0,0,0,0,naturalgas_ccccsavgcf_conservative,0,0,0.93,0,0,NE,0,0,0.97
NE_naturalgas_ccavgcf_moderate_0,3,1,0,0,0,0,0,0,0,1,0,0,0,-1,-1,-1,0,0,0,82535.90352,0,0,27800,0,0,1.85,0,0,0,None,6.159,573,61,0,0.2,4,4,1,1,1,0.3,0,1,1,0,0,0,0,0,0,0,0,0,0,0,0,0,0,naturalgas_ccavgcf_moderate,0,0,0.93,0,0,NE,0,0,0
NE_naturalgas_ctavgcf_moderate_0,3,1,0,0,0,0,0,0,0,1,0,0,0,-1,-1,-1,0,0,0,68234.02532,0,0,22800,0,0,6.94,0,0,0,None,9.717,237,140,0,0.19,0,0,1,1,1,0.25,0,1,1,0,0,0,0,0,0,0,0,0,0,0,0,0,0,naturalgas_ctavgcf_moderate,0,0,0.93,0,0,NE,0,0,0
NE_battery_moderate_0,3,0,0,1,0,0,0,0,0,1,0,0,0,-1,-1,-1,0,0,0,26889.92066,17016.10912,0,7075.764437,4477.587766,0,1,1,0,0,None,0,1,0,0,0,0,0,1,1,1,0,0,0.92,0.92,1,10,0,0,0,0,0,0,0,0,0,0,0,0,battery_moderate,0,0,0.95,0,0,NE,0,0,0
NE_nuclear_mid_0,3,1,0,0,0,0,0,0,0,1,0,0,0,-1,-1,-1,0,0,0,274224.575,0,0,175000,0,0,2.8,0,0,10.497,NE_reference_uranium,0,1000,1000,0,0,36,36,0.25,0.25,1,0.3,0,1,1,0,0,0,0,0,0,0,0,0,0,0,0,0,0,nuclear_mid,0,0,0.93,0,1,NE,0,0,0
NE_offshorewind_class10_moderate_floating_1_1,3,0,0,0,0,0,1,0,1,1,0,0,0,32928.493,-1,-1,0,0,0,173830.4242,0,0,57294.4,0,0,0,0,0,0,None,0,1,0,0,0,0,0,1,1,1,0,0,1,1,0,0,0,0,0,0,0,0,0,0,0,0,0,0,offshorewind_class10_moderate_floating_1_250,0,0,0.8,1,1,NE,1,0,0
SE_utilitypv_class1_moderate_70_0_2_1,1,0,0,0,0,0,1,0,1,1,0,0,0,1041244,-1,-1,0,0,0,40649.03073,0,0,13510.19684,0,0,0,0,0,0,None,0,1,0,0,0,0,0,1,1,1,0,0,1,1,0,0,0,0,0,0,0,0,0,0,0,0,0,0,utilitypv_class1_moderate_70_0_7,0.8,0,0,1,1,SE,1,0,0
SE_utilitypv_class1_moderate_70_0_2_2,1,0,0,0,0,0,1,0,1,1,0,0,0,890062,-1,-1,0,0,0,39383.65331,0,0,13510.19684,0,0,0,0,0,0,None,0,1,0,0,0,0,0,1,1,1,0,0,1,1,0,0,0,0,0,0,0,0,0,0,0,0,0,0,utilitypv_class1_moderate_70_0_8,0.8,0,0,1,1,SE,2,0,0
SE_utilitypv_class1_moderate_70_0_2_3,1,0,0,0,0,0,1,0,1,1,0,0,0,1238552,-1,-1,0,0,0,40720.18482,0,0,13510.19684,0,0,0,0,0,0,None,0,1,0,0,0,0,0,1,1,1,0,0,1,1,0,0,0,0,0,0,0,0,0,0,0,0,0,0,utilitypv_class1_moderate_70_0_9,0.8,0,0,1,1,SE,3,0,0
SE_utilitypv_class1_moderate_70_0_2_4,1,0,0,0,0,0,1,0,1,1,0,0,0,1039859,-1,-1,0,0,0,42820.55885,0,0,13510.19684,0,0,0,0,0,0,None,0,1,0,0,0,0,0,1,1,1,0,0,1,1,0,0,0,0,0,0,0,0,0,0,0,0,0,0,utilitypv_class1_moderate_70_0_10,0.8,0,0,1,1,SE,4,0,0
SE_utilitypv_class1_moderate_70_0_2_5,1,0,0,0,0,0,1,0,1,1,0,0,0,955445,-1,-1,0,0,0,42551.95547,0,0,13510.19684,0,0,0,0,0,0,None,0,1,0,0,0,0,0,1,1,1,0,0,1,1,0,0,0,0,0,0,0,0,0,0,0,0,0,0,utilitypv_class1_moderate_70_0_11,0.8,0,0,1,1,SE,5,0,0
SE_utilitypv_class1_moderate_70_0_2_6,1,0,0,0,0,0,1,0,1,1,0,0,0,1729874,-1,-1,0,0,0,40680.27197,0,0,13510.19684,0,0,0,0,0,0,None,0,1,0,0,0,0,0,1,1,1,0,0,1,1,0,0,0,0,0,0,0,0,0,0,0,0,0,0,utilitypv_class1_moderate_70_0_12,0.8,0,0,1,1,SE,6,0,0
SE_utilitypv_class1_moderate_70_0_2_7,1,0,0,0,0,0,1,0,1,1,0,0,0,618334,-1,-1,0,0,0,39896.03932,0,0,13510.19684,0,0,0,0,0,0,None,0,1,0,0,0,0,0,1,1,1,0,0,1,1,0,0,0,0,0,0,0,0,0,0,0,0,0,0,utilitypv_class1_moderate_70_0_13,0.8,0,0,1,1,SE,7,0,0
SE_utilitypv_class1_moderate_70_0_2_8,1,0,0,0,0,0,1,0,1,1,0,0,0,989513,-1,-1,0,0,0,41245.37889,0,0,13510.19684,0,0,0,0,0,0,None,0,1,0,0,0,0,0,1,1,1,0,0,1,1,0,0,0,0,0,0,0,0,0,0,0,0,0,0,utilitypv_class1_moderate_70_0_14,0.8,0,0,1,1,SE,8,0,0
MIDAT_utilitypv_class1_moderate_70_0_2_1,2,0,0,0,0,0,1,0,1,1,0,0,0,26783,-1,-1,0,0,0,41179.38174,0,0,13510.19684,0,0,0,0,0,0,None,0,1,0,0,0,0,0,1,1,1,0,0,1,1,0,0,0,0,0,0,0,0,0,0,0,0,0,0,utilitypv_class1_moderate_70_0_2,0,0.8,0,1,1,MIDAT,1,0,0
MIDAT_utilitypv_class1_moderate_70_0_2_2,2,0,0,0,0,0,1,0,1,1,0,0,0,288617,-1,-1,0,0,0,41016.27415,0,0,13510.19684,0,0,0,0,0,0,None,0,1,0,0,0,0,0,1,1,1,0,0,1,1,0,0,0,0,0,0,0,0,0,0,0,0,0,0,utilitypv_class1_moderate_70_0_2,0,0.8,0,1,1,MIDAT,2,0,0
MIDAT_utilitypv_class1_moderate_70_0_2_3,2,0,0,0,0,0,1,0,1,1,0,0,0,115699,-1,-1,0,0,0,40242.3086,0,0,13510.19684,0,0,0,0,0,0,None,0,1,0,0,0,0,0,1,1,1,0,0,1,1,0,0,0,0,0,0,0,0,0,0,0,0,0,0,utilitypv_class1_moderate_70_0_2,0,0.8,0,1,1,MIDAT,3,0,0
MIDAT_utilitypv_class1_moderate_70_0_2_4,2,0,0,0,0,0,1,0,1,1,0,0,0,996252,-1,-1,0,0,0,41350.78566,0,0,13510.19684,0,0,0,0,0,0,None,0,1,0,0,0,0,0,1,1,1,0,0,1,1,0,0,0,0,0,0,0,0,0,0,0,0,0,0,utilitypv_class1_moderate_70_0_2,0,0.8,0,1,1,MIDAT,4,0,0
MIDAT_utilitypv_class1_moderate_70_0_2_5,2,0,0,0,0,0,1,0,1,1,0,0,0,1212132,-1,-1,0,0,0,41176.87277,0,0,13510.19684,0,0,0,0,0,0,None,0,1,0,0,0,0,0,1,1,1,0,0,1,1,0,0,0,0,0,0,0,0,0,0,0,0,0,0,utilitypv_class1_moderate_70_0_2,0,0.8,0,1,1,MIDAT,5,0,0
MIDAT_utilitypv_class1_moderate_70_0_2_6,2,0,0,0,0,0,1,0,1,1,0,0,0,1080112,-1,-1,0,0,0,41746.9133,0,0,13510.19684,0,0,0,0,0,0,None,0,1,0,0,0,0,0,1,1,1,0,0,1,1,0,0,0,0,0,0,0,0,0,0,0,0,0,0,utilitypv_class1_moderate_70_0_2,0,0.8,0,1,1,MIDAT,6,0,0
MIDAT_utilitypv_class1_moderate_70_0_2_7,2,0,0,0,0,0,1,0,1,1,0,0,0,608258,-1,-1,0,0,0,43028.1307,0,0,13510.19684,0,0,0,0,0,0,None,0,1,0,0,0,0,0,1,1,1,0,0,1,1,0,0,0,0,0,0,0,0,0,0,0,0,0,0,utilitypv_class1_moderate_70_0_2,0,0.8,0,1,1,MIDAT,7,0,0
NE_utilitypv_class1_moderate_70_0_2_1,3,0,0,0,0,0,1,0,1,1,0,0,0,156573,-1,-1,0,0,0,43445.847,0,0,13510.19684,0,0,0,0,0,0,None,0,1,0,0,0,0,0,1,1,1,0,0,1,1,0,0,0,0,0,0,0,0,0,0,0,0,0,0,utilitypv_class1_moderate_70_0_2,0,0,0.8,1,1,NE,1,0,0
NE_utilitypv_class1_moderate_70_0_2_2,3,0,0,0,0,0,1,0,1,1,0,0,0,141382,-1,-1,0,0,0,43474.3934,0,0,13510.19684,0,0,0,0,0,0,None,0,1,0,0,0,0,0,1,1,1,0,0,1,1,0,0,0,0,0,0,0,0,0,0,0,0,0,0,utilitypv_class1_moderate_70_0_2,0,0,0.8,1,1,NE,2,0,0
NE_utilitypv_class1_moderate_70_0_2_3,3,0,0,0,0,0,1,0,1,1,0,0,0,894093,-1,-1,0,0,0,48886.47247,0,0,13510.19684,0,0,0,0,0,0,None,0,1,0,0,0,0,0,1,1,1,0,0,1,1,0,0,0,0,0,0,0,0,0,0,0,0,0,0,utilitypv_class1_moderate_70_0_2,0,0,0.8,1,1,NE,3,0,0
NE_utilitypv_class1_moderate_70_0_2_4,3,0,0,0,0,0,1,0,1,1,0,0,0,301180,-1,-1,0,0,0,47324.48871,0,0,13510.19684,0,0,0,0,0,0,None,0,1,0,0,0,0,0,1,1,1,0,0,1,1,0,0,0,0,0,0,0,0,0,0,0,0,0,0,utilitypv_class1_moderate_70_0_2,0,0,0.8,1,1,NE,4,0,0
NE_utilitypv_class1_moderate_70_0_2_5,3,0,0,0,0,0,1,0,1,1,0,0,0,996252,-1,-1,0,0,0,45284.8639,0,0,13510.19684,0,0,0,0,0,0,None,0,1,0,0,0,0,0,1,1,1,0,0,1,1,0,0,0,0,0,0,0,0,0,0,0,0,0,0,utilitypv_class1_moderate_70_0_2,0,0,0.8,1,1,NE,5,0,0
NE_utilitypv_class1_moderate_70_0_2_6,3,0,0,0,0,0,1,0,1,1,0,0,0,14823,-1,-1,0,0,0,43252.63671,0,0,13510.19684,0,0,0,0,0,0,None,0,1,0,0,0,0,0,1,1,1,0,0,1,1,0,0,0,0,0,0,0,0,0,0,0,0,0,0,utilitypv_class1_moderate_70_0_2,0,0,0.8,1,1,NE,6,0,0
NE_utilitypv_class1_moderate_70_0_2_7,3,0,0,0,0,0,1,0,1,1,0,0,0,233816,-1,-1,0,0,0,51642.1947,0,0,13510.19684,0,0,0,0,0,0,None,0,1,0,0,0,0,0,1,1,1,0,0,1,1,0,0,0,0,0,0,0,0,0,0,0,0,0,0,utilitypv_class1_moderate_70_0_2,0,0,0.8,1,1,NE,7,0,0
SE_landbasedwind_class4_moderate_70_1,1,0,0,0,0,0,1,0,1,1,0,0,0,84058,-1,-1,0,0,0,74858.52871,0,0,26256.10757,0,0,0,0,0,0,None,0,1,0,0,0,0,0,1,1,1,0,0,1,1,0,0,0,0,0,0,0,0,0,0,0,0,0,0,landbasedwind_class4_moderate_80,0.8,0,0,1,1,SE,1,0,0
SE_landbasedwind_class4_moderate_70_2,1,0,0,0,0,0,1,0,1,1,0,0,0,20182,-1,-1,0,0,0,71910.68871,0,0,26256.10757,0,0,0,0,0,0,None,0,1,0,0,0,0,0,1,1,1,0,0,1,1,0,0,0,0,0,0,0,0,0,0,0,0,0,0,landbasedwind_class4_moderate_81,0.8,0,0,1,1,SE,2,0,0
SE_landbasedwind_class4_moderate_70_3,1,0,0,0,0,0,1,0,1,1,0,0,0,105301,-1,-1,0,0,0,74548.28871,0,0,26256.10757,0,0,0,0,0,0,None,0,1,0,0,0,0,0,1,1,1,0,0,1,1,0,0,0,0,0,0,0,0,0,0,0,0,0,0,landbasedwind_class4_moderate_82,0.8,0,0,1,1,SE,3,0,0
SE_landbasedwind_class4_moderate_70_4,1,0,0,0,0,0,1,0,1,1,0,0,0,95536,-1,-1,0,0,0,77283.32871,0,0,26256.10757,0,0,0,0,0,0,None,0,1,0,0,0,0,0,1,1,1,0,0,1,1,0,0,0,0,0,0,0,0,0,0,0,0,0,0,landbasedwind_class4_moderate_83,0.8,0,0,1,1,SE,4,0,0
SE_landbasedwind_class4_moderate_70_5,1,0,0,0,0,0,1,0,1,1,0,0,0,79807,-1,-1,0,0,0,78208.44871,0,0,26256.10757,0,0,0,0,0,0,None,0,1,0,0,0,0,0,1,1,1,0,0,1,1,0,0,0,0,0,0,0,0,0,0,0,0,0,0,landbasedwind_class4_moderate_84,0.8,0,0,1,1,SE,5,0,0
SE_landbasedwind_class4_moderate_70_6,1,0,0,0,0,0,1,0,1,1,0,0,0,117168,-1,-1,0,0,0,74465.40871,0,0,26256.10757,0,0,0,0,0,0,None,0,1,0,0,0,0,0,1,1,1,0,0,1,1,0,0,0,0,0,0,0,0,0,0,0,0,0,0,landbasedwind_class4_moderate_85,0.8,0,0,1,1,SE,6,0,0
SE_landbasedwind_class4_moderate_70_7,1,0,0,0,0,0,1,0,1,1,0,0,0,66201,-1,-1,0,0,0,73950.20871,0,0,26256.10757,0,0,0,0,0,0,None,0,1,0,0,0,0,0,1,1,1,0,0,1,1,0,0,0,0,0,0,0,0,0,0,0,0,0,0,landbasedwind_class4_moderate_86,0.8,0,0,1,1,SE,7,0,0
SE_landbasedwind_class4_moderate_70_8,1,0,0,0,0,0,1,0,1,1,0,0,0,102849,-1,-1,0,0,0,76381.72871,0,0,26256.10757,0,0,0,0,0,0,None,0,1,0,0,0,0,0,1,1,1,0,0,1,1,0,0,0,0,0,0,0,0,0,0,0,0,0,0,landbasedwind_class4_moderate_87,0.8,0,0,1,1,SE,8,0,0
MIDAT_landbasedwind_class4_moderate_70_1,2,0,0,0,0,0,1,0,1,1,0,0,0,1384,-1,-1,0,0,0,78331.91929,0,0,26256.10757,0,0,0,0,0,0,None,0,1,0,0,0,0,0,1,1,1,0,0,1,1,0,0,0,0,0,0,0,0,0,0,0,0,0,0,landbasedwind_class4_moderate_70,0,0.8,0,1,1,MIDAT,1,0,0
MIDAT_landbasedwind_class4_moderate_70_2,2,0,0,0,0,0,1,0,1,1,0,0,0,25176,-1,-1,0,0,0,78069.83929,0,0,26256.10757,0,0,0,0,0,0,None,0,1,0,0,0,0,0,1,1,1,0,0,1,1,0,0,0,0,0,0,0,0,0,0,0,0,0,0,landbasedwind_class4_moderate_70,0,0.8,0,1,1,MIDAT,2,0,0
MIDAT_landbasedwind_class4_moderate_70_3,2,0,0,0,0,0,1,0,1,1,0,0,0,10379,-1,-1,0,0,0,76035.91929,0,0,26256.10757,0,0,0,0,0,0,None,0,1,0,0,0,0,0,1,1,1,0,0,1,1,0,0,0,0,0,0,0,0,0,0,0,0,0,0,landbasedwind_class4_moderate_70,0,0.8,0,1,1,MIDAT,3,0,0
MIDAT_landbasedwind_class4_moderate_70_4,2,0,0,0,0,0,1,0,1,1,0,0,0,94297,-1,-1,0,0,0,78783.27929,0,0,26256.10757,0,0,0,0,0,0,None,0,1,0,0,0,0,0,1,1,1,0,0,1,1,0,0,0,0,0,0,0,0,0,0,0,0,0,0,landbasedwind_class4_moderate_70,0,0.8,0,1,1,MIDAT,4,0,0
MIDAT_landbasedwind_class4_moderate_70_5,2,0,0,0,0,0,1,0,1,1,0,0,0,78586,-1,-1,0,0,0,79963.75929,0,0,26256.10757,0,0,0,0,0,0,None,0,1,0,0,0,0,0,1,1,1,0,0,1,1,0,0,0,0,0,0,0,0,0,0,0,0,0,0,landbasedwind_class4_moderate_70,0,0.8,0,1,1,MIDAT,5,0,0
MIDAT_landbasedwind_class4_moderate_70_6,2,0,0,0,0,0,1,0,1,1,0,0,0,86257,-1,-1,0,0,0,79696.07929,0,0,26256.10757,0,0,0,0,0,0,None,0,1,0,0,0,0,0,1,1,1,0,0,1,1,0,0,0,0,0,0,0,0,0,0,0,0,0,0,landbasedwind_class4_moderate_70,0,0.8,0,1,1,MIDAT,6,0,0
MIDAT_landbasedwind_class4_moderate_70_7,2,0,0,0,0,0,1,0,1,1,0,0,0,42063,-1,-1,0,0,0,82433.35929,0,0,26256.10757,0,0,0,0,0,0,None,0,1,0,0,0,0,0,1,1,1,0,0,1,1,0,0,0,0,0,0,0,0,0,0,0,0,0,0,landbasedwind_class4_moderate_70,0,0.8,0.8,1,1,MIDAT,7,0,0
NE_landbasedwind_class4_moderate_70_1,3,0,0,0,0,0,1,0,1,1,0,0,0,6841,-1,-1,0,0,0,90411.84793,0,0,26256.10757,0,0,0,0,0,0,None,0,1,0,0,0,0,0,1,1,1,0,0,1,1,0,0,0,0,0,0,0,0,0,0,0,0,0,0,landbasedwind_class4_moderate_70,0,0,0.8,1,1,NE,1,0,0
NE_landbasedwind_class4_moderate_70_2,3,0,0,0,0,0,1,0,1,1,0,0,0,10960,-1,-1,0,0,0,91172.32793,0,0,26256.10757,0,0,0,0,0,0,None,0,1,0,0,0,0,0,1,1,1,0,0,1,1,0,0,0,0,0,0,0,0,0,0,0,0,0,0,landbasedwind_class4_moderate_70,0,0,0.8,1,1,NE,2,0,0
NE_landbasedwind_class4_moderate_70_3,3,0,0,0,0,0,1,0,1,1,0,0,0,65324,-1,-1,0,0,0,102114.7279,0,0,26256.10757,0,0,0,0,0,0,None,0,1,0,0,0,0,0,1,1,1,0,0,1,1,0,0,0,0,0,0,0,0,0,0,0,0,0,0,landbasedwind_class4_moderate_70,0,0,0.8,1,1,NE,3,0,0
NE_landbasedwind_class4_moderate_70_4,3,0,0,0,0,0,1,0,1,1,0,0,0,17702,-1,-1,0,0,0,97037.76793,0,0,26256.10757,0,0,0,0,0,0,None,0,1,0,0,0,0,0,1,1,1,0,0,1,1,0,0,0,0,0,0,0,0,0,0,0,0,0,0,landbasedwind_class4_moderate_71,0,0,0.8,1,1,NE,4,0,0
NE_landbasedwind_class4_moderate_70_5,3,0,0,0,0,0,1,0,1,1,0,0,0,90535,-1,-1,0,0,0,95103.52793,0,0,26256.10757,0,0,0,0,0,0,None,0,1,0,0,0,0,0,1,1,1,0,0,1,1,0,0,0,0,0,0,0,0,0,0,0,0,0,0,landbasedwind_class4_moderate_72,0,0,0.8,1,1,NE,5,0,0
NE_landbasedwind_class4_moderate_70_6,3,0,0,0,0,0,1,0,1,1,0,0,0,1111,-1,-1,0,0,0,91036.80793,0,0,26256.10757,0,0,0,0,0,0,None,0,1,0,0,0,0,0,1,1,1,0,0,1,1,0,0,0,0,0,0,0,0,0,0,0,0,0,0,landbasedwind_class4_moderate_73,0,0,0.8,1,1,NE,6,0,0
NE_landbasedwind_class4_moderate_70_7,3,0,0,0,0,0,1,0,1,1,0,0,0,13217,-1,-1,0,0,0,101355.3679,0,0,26256.10757,0,0,0,0,0,0,None,0,1,0,0,0,0,0,1,1,1,0,0,1,1,0,0,0,0,0,0,0,0,0,0,0,0,0,0,landbasedwind_class4_moderate_74,0,0,0,1,1,NE,7,0,0